image,face_x,face_y,face_width,face_height,x0,y0,x1,y1,x2,y2,x3,y3,x4,y4,x5,y5,x6,y6,x7,y7,x8,y8,x9,y9,x10,y10,x11,y11,x12,y12,x13,y13,x14,y14,x15,y15,x16,y16,x17,y17,x18,y18,x19,y19,x20,y20,x21,y21,x22,y22,x23,y23,x24,y24,x25,y25,x26,y26,x27,y27,x28,y28,x29,y29,x30,y30,x31,y31,x32,y32,x33,y33,x34,y34,x35,y35,x36,y36,x37,y37,x38,y38,x39,y39,x40,y40,x41,y41,x42,y42,x43,y43,x44,y44,x45,y45,x46,y46,x47,y47,x48,y48,x49,y49,x50,y50,x51,y51,x52,y52,x53,y53,x54,y54,x55,y55,x56,y56,x57,y57,x58,y58,x59,y59,x60,y60,x61,y61,x62,y62,x63,y63,x64,y64,x65,y65,x66,y66,x67,y67,Categoria,image
neutro8.png,241,142,223,223,250,222,253,246,258,271,263,295,272,316,287,335,305,352,326,366,353,369,381,365,402,352,421,335,436,315,444,293,449,269,452,245,454,222,268,192,279,177,298,169,317,170,335,179,364,178,382,169,402,169,421,177,433,193,349,198,349,216,349,233,348,251,332,265,340,268,349,271,358,268,367,265,291,207,301,200,314,199,325,205,314,209,301,210,375,206,387,200,400,201,410,208,400,211,387,210,315,301,328,295,340,291,350,294,361,291,374,296,389,301,375,310,362,316,351,317,340,316,327,310,321,301,340,301,350,303,361,301,383,301,361,301,350,303,340,301,0,neutro8.png
triste20.png,167,142,223,223,173,198,176,231,181,264,184,295,192,325,208,351,229,373,254,391,286,398,318,394,347,379,371,357,388,329,395,298,399,265,404,230,407,195,186,190,200,174,223,173,245,179,267,187,296,186,319,179,342,174,366,176,383,191,282,200,282,221,282,242,282,264,261,279,271,282,282,285,294,282,306,280,213,203,226,197,240,197,254,204,240,206,226,206,314,204,329,198,343,199,355,205,343,208,329,207,245,319,259,311,272,306,284,310,297,307,313,311,329,319,314,331,299,336,285,337,272,335,259,330,252,319,272,316,284,318,297,316,322,319,298,317,285,319,273,317,2,triste20.png
feliz14.png,216,142,223,223,200,198,203,232,209,266,217,300,231,332,253,362,279,388,307,408,339,413,371,404,394,379,415,351,431,322,440,290,445,258,449,224,449,191,223,189,240,173,264,170,288,174,313,181,344,179,367,170,391,167,414,169,431,183,330,198,332,218,333,239,335,260,309,274,321,279,335,283,348,278,360,272,254,202,267,194,284,194,299,204,284,206,267,207,360,203,374,192,391,192,404,199,392,205,376,205,277,310,296,304,320,301,336,303,353,300,376,302,393,306,378,337,356,353,338,357,320,355,296,341,284,313,320,311,336,313,353,310,386,310,354,335,337,339,320,337,1,feliz14.png
triste14.png,221,180,186,186,202,232,205,260,209,288,215,315,225,341,242,362,266,377,294,386,323,386,349,382,371,370,388,353,400,332,407,308,409,283,410,257,411,230,225,222,241,211,262,208,283,211,303,217,330,215,348,208,368,206,386,207,399,218,317,234,318,250,319,266,319,282,294,292,306,296,319,299,331,295,342,292,247,238,259,233,272,232,286,239,273,242,259,243,343,237,356,230,369,229,380,234,370,240,357,240,282,328,297,321,308,316,318,319,328,316,340,319,354,326,341,330,329,332,319,333,310,333,297,332,288,327,308,323,318,324,328,322,349,324,329,321,319,324,309,323,2,triste14.png
neutro20.png,200,171,268,268,212,247,215,277,219,307,223,336,232,364,249,390,270,414,297,431,328,437,360,433,387,415,408,392,423,366,433,339,438,310,444,281,447,252,233,224,250,211,272,206,294,211,315,220,352,221,374,212,396,209,417,216,430,231,334,243,333,264,332,286,331,308,309,320,320,325,331,329,343,326,353,323,258,247,272,241,288,241,302,249,287,254,271,254,362,252,377,244,393,245,407,252,394,258,377,257,284,359,301,353,318,348,329,352,342,349,358,355,373,364,358,375,341,380,328,381,316,379,299,371,292,360,317,360,329,362,342,361,365,364,341,362,328,363,317,361,0,neutro20.png
triste22.png,142,142,223,223,146,218,151,244,157,269,164,294,173,317,190,334,215,346,241,355,269,356,295,349,318,336,337,318,349,296,353,270,353,242,353,214,350,187,160,193,168,176,184,164,204,160,223,163,255,159,271,150,291,149,309,156,323,169,242,188,244,206,246,224,249,242,236,262,244,263,253,264,262,261,270,258,184,205,193,197,207,195,221,201,208,206,195,209,268,195,279,187,293,185,305,190,295,196,281,197,224,304,235,292,248,285,258,287,265,284,279,288,292,296,282,308,270,313,261,316,251,316,237,314,230,303,249,295,259,295,267,293,286,297,267,297,259,299,250,299,2,triste22.png
neutro22.png,171,142,267,267,160,255,168,285,178,316,187,345,201,372,222,395,250,411,284,421,321,418,357,411,383,396,406,375,419,348,424,316,424,285,426,253,424,221,182,227,195,207,218,199,242,201,266,208,308,204,329,190,352,183,376,185,392,201,288,222,291,241,295,260,299,279,278,300,290,301,304,302,316,297,327,292,209,240,221,227,238,225,256,235,240,241,223,244,325,226,338,212,356,210,371,219,358,225,341,227,257,347,274,333,293,324,309,326,324,319,343,322,360,330,347,343,329,351,313,355,297,357,277,356,266,346,294,338,310,337,325,333,353,331,326,334,311,339,295,339,0,neutro22.png
neutro14.png,141,142,268,267,152,224,154,258,160,291,169,325,182,356,202,381,226,404,254,420,285,424,314,415,336,395,355,371,370,344,381,315,387,283,390,251,388,216,175,203,192,189,214,186,238,190,260,197,292,196,313,186,335,180,356,182,373,196,278,227,280,248,281,268,283,289,255,308,269,311,283,313,297,309,310,305,197,232,212,223,230,225,245,237,229,242,210,242,309,235,323,221,341,219,354,227,344,237,326,238,238,352,256,338,274,332,286,334,299,330,316,335,332,345,317,364,301,374,287,377,274,376,257,370,247,351,274,349,286,349,299,347,324,345,300,352,286,355,274,354,0,neutro14.png
neutro10.png,241,167,223,223,252,224,253,249,254,273,258,296,266,317,281,335,299,350,319,361,342,364,365,361,383,350,400,336,412,318,419,297,422,276,426,253,429,231,275,215,288,203,306,199,324,200,342,206,359,208,376,203,394,203,410,208,419,221,351,221,351,234,352,247,352,261,330,273,339,275,349,278,359,276,367,274,296,223,305,218,317,218,326,225,316,227,304,227,370,227,380,221,392,222,400,228,391,231,379,230,314,307,324,300,337,295,346,299,355,296,366,302,375,311,365,318,354,320,345,320,335,319,324,315,319,307,337,305,345,307,354,306,370,310,354,306,345,307,337,305,0,neutro10.png
neutro13.png,291,142,222,223,313,214,316,239,320,262,325,286,333,308,346,327,366,340,387,351,412,353,438,349,461,338,482,325,497,306,503,283,506,259,509,234,511,210,325,200,337,186,356,181,375,183,396,189,416,187,436,180,457,178,477,183,492,195,407,203,408,213,408,224,409,236,393,259,401,260,409,260,417,260,424,259,349,209,360,201,373,200,385,209,373,212,360,213,432,207,443,198,457,199,468,207,457,211,444,211,375,294,388,286,400,280,408,282,417,280,429,285,443,293,430,298,418,302,409,303,400,303,389,300,382,294,400,290,408,291,417,290,436,292,417,290,408,291,400,291,0,neutro13.png
neutro21.png,216,167,223,223,214,244,215,273,217,303,220,332,229,360,247,383,270,399,296,411,328,415,360,413,387,404,413,390,431,368,441,341,446,313,451,285,454,257,235,217,251,200,274,195,299,198,322,208,359,210,383,204,406,205,428,213,441,231,339,234,338,251,337,267,336,284,310,303,322,307,334,309,346,308,358,306,261,237,275,228,292,229,307,241,291,243,274,243,368,246,384,236,401,237,413,248,401,252,384,251,287,346,305,336,321,330,332,334,344,331,359,339,375,351,358,355,342,357,330,357,318,356,303,352,294,345,320,341,331,343,344,342,368,349,343,343,331,344,319,342,0,neutro21.png
feliz10.png,216,167,223,223,206,245,210,274,216,303,223,332,232,361,249,389,272,414,299,433,334,437,370,430,397,409,421,384,438,355,445,324,448,293,451,261,452,229,218,229,231,211,254,206,277,208,302,213,335,209,359,201,384,198,408,202,426,216,320,232,321,251,322,270,322,290,301,308,312,311,324,314,337,310,349,307,248,241,260,233,276,232,291,241,276,244,260,245,355,238,368,228,384,227,398,234,385,239,370,239,269,342,288,336,309,332,326,335,344,331,367,334,388,339,369,365,347,377,328,380,310,379,288,367,277,345,310,344,327,345,344,343,381,343,345,357,327,360,309,358,1,feliz10.png
triste26.png,191,118,223,223,179,195,183,226,190,258,197,288,207,316,224,341,245,362,272,377,303,381,333,376,358,359,376,336,389,310,396,283,401,253,407,223,410,193,201,171,217,157,239,151,263,152,286,159,313,161,335,153,357,150,378,155,393,170,301,178,301,196,302,215,303,234,282,254,292,256,302,258,312,257,320,254,227,184,239,176,255,175,269,184,255,188,239,189,328,186,341,175,357,176,369,186,357,190,341,189,262,305,276,291,291,283,301,286,310,284,323,293,335,308,323,316,310,319,300,319,290,318,275,313,269,304,291,297,301,298,310,298,328,307,309,298,300,298,290,296,2,triste26.png
triste2.png,230,171,268,268,244,242,248,275,256,305,264,333,272,362,287,387,311,408,338,423,370,427,404,424,432,411,458,391,475,364,482,333,489,302,495,270,498,237,262,228,277,211,301,205,326,206,351,211,382,209,406,202,432,199,455,206,473,221,366,230,366,253,366,276,365,299,342,315,354,319,367,322,381,318,394,315,287,241,302,234,317,234,333,241,317,244,302,245,403,240,418,232,434,231,448,238,434,243,418,243,323,362,337,347,353,341,367,344,381,342,397,348,414,363,397,365,381,366,366,366,351,364,337,363,329,359,352,351,367,353,381,352,407,361,381,351,366,352,352,350,2,triste2.png
neutro29.png,191,167,223,223,188,246,189,275,195,303,204,331,216,357,234,380,258,399,284,413,317,416,349,412,375,398,399,378,417,352,426,323,432,293,435,264,434,234,207,224,221,206,242,199,264,200,286,207,326,202,346,191,370,188,391,195,406,211,307,232,308,251,308,270,309,289,284,306,297,309,311,311,324,307,337,304,232,244,245,236,260,235,275,243,261,246,245,248,342,238,356,227,371,227,385,234,373,239,357,240,271,351,285,335,301,325,312,328,324,324,342,333,360,348,344,361,327,366,314,367,302,367,285,362,278,350,301,344,313,344,325,343,353,347,325,344,313,345,301,344,0,neutro29.png
feliz30.png,191,142,223,223,194,211,195,239,199,266,205,293,215,319,231,342,257,359,286,370,316,374,345,366,370,352,393,333,407,311,413,285,417,259,420,233,421,206,215,195,231,180,253,175,276,177,297,183,327,184,347,177,369,174,389,178,404,191,313,200,314,217,315,234,316,251,293,271,304,274,314,276,325,272,334,268,242,207,255,200,269,200,283,209,269,210,255,210,339,208,353,199,366,199,379,205,367,208,354,208,265,303,285,297,302,294,313,296,325,293,340,295,357,297,341,312,326,319,314,321,302,321,284,316,270,303,302,303,313,303,325,301,351,299,325,306,313,308,302,308,1,feliz30.png
triste13.png,216,118,223,223,204,184,206,213,209,242,214,270,225,295,243,314,270,325,296,334,326,338,354,334,379,324,401,310,416,291,424,268,430,243,435,218,438,192,232,158,249,145,271,139,294,141,316,148,348,151,369,146,391,146,410,154,422,169,332,173,331,187,331,202,331,217,306,234,317,238,329,240,339,239,349,236,259,179,272,170,289,170,303,183,288,186,271,186,352,185,366,174,382,175,394,186,382,190,366,189,290,274,306,268,320,265,327,268,334,266,346,270,361,276,346,279,334,280,326,280,319,279,306,277,295,273,319,271,326,272,334,271,355,274,334,271,327,272,319,270,2,triste13.png
triste11.png,141,112,268,267,171,201,175,230,181,258,188,285,197,310,212,332,232,350,257,363,285,367,314,362,340,348,362,330,377,307,386,281,390,252,395,223,398,192,189,168,202,153,221,144,243,142,264,147,304,148,324,142,345,144,364,152,378,166,283,177,283,194,283,212,282,229,265,254,274,255,284,256,294,255,304,253,214,190,226,182,241,181,255,190,241,194,226,195,315,188,328,179,343,180,355,188,344,193,329,192,253,307,263,291,275,281,285,284,295,281,309,290,321,312,310,316,297,317,286,317,275,316,264,314,260,306,275,295,285,295,295,295,315,309,296,301,286,301,276,299,2,triste11.png
feliz23.png,191,167,223,223,192,244,193,273,198,302,205,331,218,359,239,384,265,404,293,420,326,424,358,418,383,399,405,375,422,347,432,318,436,288,438,259,436,229,209,221,223,203,244,196,267,198,288,203,332,199,353,191,375,188,397,195,412,209,312,227,313,246,314,265,315,285,284,297,300,301,316,304,332,299,346,295,235,239,248,233,262,233,277,239,263,241,248,242,348,234,361,226,375,226,390,231,376,233,362,234,256,331,277,322,301,318,318,320,336,316,361,318,381,325,364,357,341,372,322,375,303,373,278,360,263,333,302,331,319,332,337,329,374,328,339,352,320,355,303,353,1,feliz23.png
triste30.png,191,142,223,223,181,211,185,241,191,270,198,298,208,327,224,352,246,372,272,386,303,388,334,383,360,367,382,347,398,321,406,293,411,265,416,236,418,207,199,193,213,177,234,171,257,172,278,180,315,180,336,172,359,169,380,174,395,190,296,204,296,226,296,249,296,272,276,284,286,288,298,290,309,287,320,283,225,213,237,205,253,205,267,214,252,219,237,219,328,212,341,203,357,202,370,210,358,216,342,216,262,327,274,316,286,310,299,313,311,309,325,313,337,323,325,329,312,333,300,334,287,334,274,332,268,325,287,319,299,321,312,318,331,322,312,319,299,321,286,320,2,triste30.png
neutro2.png,205,134,321,321,243,248,248,279,257,309,265,340,274,368,291,392,313,414,340,430,373,435,406,431,434,416,458,393,474,366,482,335,489,303,495,271,497,238,264,226,280,211,302,204,327,204,351,211,384,209,407,200,433,197,457,201,475,215,367,234,368,255,368,277,368,300,345,317,357,320,370,323,383,320,395,316,287,240,300,228,318,228,334,241,317,245,300,246,402,239,416,225,435,224,450,234,437,242,419,243,325,363,342,352,359,345,370,348,381,346,398,353,419,362,398,373,381,376,369,376,358,374,342,370,332,362,358,356,370,358,381,357,411,362,380,357,369,358,358,356,0,neutro2.png
triste9.png,170,134,321,321,192,245,193,276,196,306,202,336,213,366,232,389,259,406,290,419,326,423,362,419,394,404,422,384,440,357,451,327,458,296,464,263,465,230,206,213,228,201,252,201,278,204,304,206,336,205,363,201,388,198,413,200,435,210,324,227,325,246,325,266,326,287,298,310,311,313,325,315,339,313,352,310,232,233,249,226,266,225,282,235,265,238,248,239,361,234,377,224,394,223,410,230,395,236,378,236,274,358,290,344,308,336,321,340,334,336,353,345,374,358,354,362,335,362,322,363,308,362,292,360,281,356,308,350,321,351,335,350,366,355,335,349,321,350,308,349,2,triste9.png
triste24.png,216,118,223,223,206,202,212,234,218,264,226,294,238,323,256,348,278,369,304,384,333,387,363,381,387,363,407,339,421,311,430,280,434,248,436,216,438,183,220,182,233,165,254,156,278,155,303,159,326,156,349,148,374,146,397,152,412,169,316,180,317,201,318,222,319,244,301,263,310,265,321,267,332,265,342,262,248,189,259,183,272,181,286,186,273,190,260,191,349,182,362,175,376,174,389,180,377,183,363,183,291,312,300,299,312,292,322,295,332,291,347,298,363,308,349,316,336,320,325,321,314,321,302,317,296,310,313,304,323,305,334,303,356,307,334,305,323,306,313,305,2,triste24.png
neutro15.png,216,142,223,223,204,223,205,254,209,285,213,315,223,343,238,367,259,387,285,400,314,405,345,403,372,393,396,374,415,350,426,322,432,292,437,260,440,228,224,195,241,180,265,175,289,177,313,185,345,187,366,181,389,181,410,186,424,202,330,209,331,227,332,245,332,264,309,283,318,286,328,288,338,287,346,286,252,214,265,206,282,206,297,216,282,221,265,221,354,220,369,210,385,211,398,221,385,227,369,225,280,327,299,316,316,310,325,314,334,311,347,320,360,333,344,342,331,346,321,346,311,344,296,339,289,326,314,322,324,324,333,324,352,331,332,325,322,325,313,324,0,neutro15.png
triste19.png,216,167,223,223,206,240,211,270,218,298,224,326,234,351,249,373,270,390,295,402,323,405,352,399,377,387,397,369,411,347,419,320,424,293,428,264,431,233,224,230,238,217,260,212,282,213,305,218,327,216,349,210,371,208,393,210,410,221,315,232,315,250,315,267,315,286,297,303,307,305,318,306,329,304,339,300,250,240,262,232,276,230,290,239,276,242,262,244,344,236,358,226,372,226,385,232,372,237,358,237,287,345,299,334,310,327,319,329,327,326,339,330,353,341,341,347,330,353,321,354,312,354,300,350,294,342,311,337,320,337,328,336,347,339,328,337,320,339,311,338,2,triste19.png
neutro30.png,241,118,223,223,228,183,230,210,234,236,239,264,247,290,261,312,282,329,307,340,337,344,368,342,393,331,415,315,430,293,439,268,446,243,452,218,456,193,249,155,265,143,287,141,308,146,327,156,365,158,385,149,406,146,427,151,441,165,344,177,343,192,342,207,341,223,319,241,329,244,340,247,351,245,362,243,273,181,285,175,300,175,314,183,299,186,284,186,373,186,388,178,403,179,414,187,402,191,387,189,298,280,316,272,330,267,339,269,348,268,363,274,381,282,362,287,348,288,339,288,329,287,315,284,305,280,330,276,339,277,348,277,374,282,348,277,339,277,330,276,0,neutro30.png
neutro4.png,230,142,268,267,264,240,264,270,266,299,272,327,282,353,301,377,327,398,355,414,387,419,418,413,444,396,468,375,485,350,493,322,497,292,501,261,501,230,271,204,286,190,309,188,331,189,352,196,398,194,421,186,445,182,470,185,487,200,376,217,377,243,378,267,379,293,355,308,368,312,381,315,394,311,406,306,294,227,308,217,326,217,343,229,326,232,308,233,410,227,428,213,446,212,461,222,448,229,429,229,333,346,353,341,369,336,382,339,395,335,413,340,433,345,414,359,397,365,383,367,369,365,352,359,341,347,369,346,382,348,396,346,425,346,395,347,382,349,369,347,0,neutro4.png
neutro3.png,260,142,267,267,251,236,256,268,263,299,272,330,283,360,303,387,330,408,360,423,395,425,427,419,455,402,480,379,498,351,507,318,514,286,519,253,520,220,276,215,294,197,321,193,348,195,374,202,405,202,429,192,455,186,481,186,501,201,391,223,392,241,393,260,394,279,369,304,382,306,396,307,408,304,420,301,306,230,321,218,340,217,356,230,339,235,321,236,425,225,440,211,458,209,474,219,460,228,442,228,348,351,367,340,384,333,396,335,407,332,424,338,441,346,424,358,408,363,396,365,383,364,366,360,356,349,384,345,396,346,408,344,433,347,407,345,396,347,384,346,0,neutro3.png
triste12.png,191,142,223,223,173,227,174,260,179,291,188,320,201,347,221,368,246,382,274,389,302,392,329,389,357,382,380,365,397,342,410,316,417,286,421,256,423,225,194,198,211,182,235,174,260,175,285,181,315,183,339,177,364,178,387,186,401,203,301,215,302,233,302,251,303,270,273,290,287,293,302,296,317,294,331,291,221,215,237,207,254,207,268,219,253,221,236,221,331,221,346,210,363,211,378,219,364,224,347,224,257,336,274,323,291,316,301,320,312,316,328,325,344,339,328,346,312,349,301,349,290,348,274,344,264,334,291,330,301,331,312,331,337,336,312,331,301,331,291,330,2,triste12.png
feliz16.png,200,142,268,267,213,237,215,264,216,291,218,320,225,349,243,374,268,393,294,410,325,416,357,414,386,401,412,385,432,363,441,335,445,306,449,280,453,252,237,215,252,198,275,193,299,196,321,205,363,209,386,204,410,205,431,215,443,234,340,230,339,249,337,268,336,286,308,299,321,304,334,308,348,306,361,304,262,233,277,227,292,229,307,239,291,240,275,238,369,243,385,235,401,236,414,245,401,248,385,247,271,325,294,322,316,323,331,327,347,326,370,329,391,333,369,351,345,359,329,360,312,357,291,346,277,328,315,332,330,336,347,335,385,335,346,347,329,348,314,345,1,feliz16.png
feliz11.png,241,167,223,223,241,244,244,269,246,294,249,321,257,347,275,370,298,388,324,403,354,410,382,405,407,389,429,373,447,352,457,327,461,302,464,277,468,253,263,221,277,203,300,195,323,196,345,204,379,207,400,201,424,201,445,212,456,231,362,226,362,244,362,262,362,281,334,293,347,296,360,300,373,297,384,295,290,233,303,224,317,224,330,234,317,236,303,236,389,237,403,229,417,230,428,239,416,241,403,240,296,319,319,313,342,311,358,314,373,313,393,317,411,325,392,345,371,355,355,357,338,354,315,342,302,320,341,318,357,320,373,319,405,325,371,344,355,346,339,343,1,feliz11.png
neutro5.png,242,160,186,185,253,225,257,248,261,271,265,295,270,317,281,337,297,354,316,366,340,370,366,367,388,356,407,341,422,321,429,299,433,274,437,250,440,227,265,209,276,198,291,193,308,194,325,200,350,201,369,195,388,195,404,200,417,210,338,216,338,228,338,239,338,251,323,270,330,272,338,273,346,272,353,270,284,221,294,215,306,214,316,222,305,225,293,225,363,222,374,215,386,216,396,222,387,226,375,226,302,304,315,296,327,292,337,294,347,292,361,297,375,305,361,311,347,314,336,315,326,314,314,311,308,304,327,301,337,303,347,302,369,305,347,301,336,303,327,301,0,neutro5.png
triste8.png,170,134,321,321,188,241,189,277,193,313,199,350,210,385,228,416,254,442,287,458,326,464,366,459,400,444,426,420,446,387,457,351,463,313,467,275,469,237,207,200,224,176,252,167,282,167,312,173,348,169,378,161,408,160,434,170,450,196,327,208,327,231,327,254,327,278,295,306,310,307,326,310,342,308,358,307,235,227,251,215,271,214,289,226,270,231,251,232,366,226,385,213,405,214,421,225,406,231,386,230,264,360,287,343,308,335,326,340,346,336,369,344,393,362,369,374,347,377,326,378,307,376,286,371,273,358,307,352,326,353,346,352,384,361,346,358,326,360,307,357,2,triste8.png
triste30.png,191,142,223,223,181,211,185,241,191,270,198,298,208,327,224,352,246,372,272,386,303,388,334,383,360,367,382,347,398,321,406,293,411,265,416,236,418,207,199,193,213,177,234,171,257,172,278,180,315,180,336,172,359,169,380,174,395,190,296,204,296,226,296,249,296,272,276,284,286,288,298,290,309,287,320,283,225,213,237,205,253,205,267,214,252,219,237,219,328,212,341,203,357,202,370,210,358,216,342,216,262,327,274,316,286,310,299,313,311,309,325,313,337,323,325,329,312,333,300,334,287,334,274,332,268,325,287,319,299,321,312,318,331,322,312,319,299,321,286,320,2,triste30.png
neutro9.png,242,180,186,186,245,235,244,259,244,283,246,307,253,331,266,353,283,372,304,385,331,388,359,385,381,374,401,356,416,335,424,311,427,288,430,265,430,242,257,222,270,210,288,208,307,210,325,216,349,217,367,212,386,209,404,211,416,224,336,232,335,247,335,262,334,278,314,291,324,292,334,294,344,293,353,291,276,232,287,227,301,227,312,236,300,238,286,238,360,237,372,228,386,228,398,235,387,240,373,240,297,325,310,317,324,311,333,315,343,312,356,318,367,327,356,338,342,343,332,343,321,342,308,336,304,325,323,324,333,326,343,325,361,327,343,324,332,325,323,324,0,neutro9.png
neutro7.png,201,160,185,185,204,221,207,245,212,269,216,294,224,317,238,337,256,352,279,362,304,363,330,361,352,349,369,333,382,313,389,290,392,265,395,240,397,216,222,203,235,193,252,190,269,192,286,199,314,199,330,192,347,190,363,191,376,200,301,219,302,234,302,249,303,264,287,278,295,280,303,281,311,279,318,277,242,222,253,216,266,216,277,223,265,227,252,227,326,223,337,215,349,215,359,220,350,226,338,226,272,308,283,300,294,296,303,299,312,296,323,299,333,305,324,313,313,317,303,318,294,318,283,315,277,307,294,304,303,305,312,304,329,305,313,304,303,306,294,305,0,neutro7.png
neutro19.png,216,142,223,223,220,215,224,243,231,270,239,299,248,325,265,349,288,368,314,382,343,385,372,379,397,363,420,343,437,317,446,288,450,257,453,227,454,197,236,198,250,185,271,182,292,185,312,192,345,189,365,179,386,173,408,173,427,182,330,211,330,231,330,251,331,272,314,286,324,289,334,291,344,287,354,284,260,215,272,205,288,205,302,217,287,221,271,222,362,212,374,198,391,196,405,204,394,212,377,215,297,321,311,315,325,311,335,313,346,310,361,313,377,316,363,330,348,337,337,339,325,339,311,333,303,322,325,321,336,322,347,320,371,318,347,321,336,323,325,322,0,neutro19.png
triste29.png,171,112,267,267,197,206,201,234,207,261,212,289,221,315,237,337,258,355,285,369,316,373,348,369,374,355,396,336,412,311,419,282,422,252,426,223,429,193,213,185,227,169,249,163,271,166,293,173,327,170,349,161,372,156,394,161,409,177,312,192,313,210,313,229,314,248,294,265,305,268,315,270,326,267,336,264,240,201,252,190,269,190,282,202,268,206,252,207,342,198,355,185,372,184,386,195,374,201,357,202,275,312,289,298,305,290,316,293,328,290,343,297,359,310,344,320,329,325,317,326,306,325,290,321,282,311,306,303,317,304,328,303,352,310,328,309,317,310,306,309,2,triste29.png
feliz15.png,200,171,268,268,213,241,213,271,216,300,220,330,231,358,248,384,269,407,294,426,324,434,354,429,381,411,404,391,424,367,437,340,443,311,446,283,450,253,237,216,255,204,277,201,298,205,318,213,362,214,381,207,402,206,421,212,434,227,338,236,337,258,336,280,335,302,309,311,321,316,333,321,346,318,358,315,262,239,276,231,293,232,307,244,292,246,275,246,366,248,381,237,398,238,411,248,397,253,381,252,271,338,294,334,318,333,333,337,348,335,370,339,389,343,369,374,345,389,329,390,312,387,289,371,278,341,317,344,332,347,347,346,382,345,346,369,330,371,315,368,1,feliz15.png
neutro24.png,171,112,267,267,170,188,175,220,181,251,186,282,196,313,215,339,236,361,260,378,291,383,322,379,345,360,363,336,379,309,386,279,391,248,397,218,399,188,196,173,213,163,234,159,257,162,279,169,311,170,331,162,352,160,372,163,386,175,295,188,296,207,296,226,297,245,276,263,286,266,297,269,307,266,316,262,224,189,237,183,253,183,266,192,252,195,236,196,319,193,332,183,348,182,361,190,349,196,333,196,253,305,270,299,286,295,299,298,309,295,324,298,338,305,324,315,309,321,298,322,285,321,269,314,261,305,286,304,298,306,309,304,331,305,309,305,298,306,286,304,0,neutro24.png
feliz3.png,230,142,268,267,242,237,247,269,254,299,261,330,272,360,292,386,319,408,349,426,382,431,414,424,441,405,464,382,481,355,489,324,493,293,496,261,497,229,263,219,280,203,303,196,327,197,351,204,392,200,415,191,439,188,462,193,479,209,372,225,373,248,374,272,375,296,347,308,362,312,377,316,391,311,404,306,289,237,304,231,320,231,337,237,320,240,304,240,408,234,424,225,440,224,455,229,441,234,425,235,311,337,335,332,358,330,377,333,395,329,420,331,442,333,422,360,399,373,379,376,359,374,335,361,319,339,358,340,377,342,396,339,435,336,397,357,378,359,359,357,1,feliz3.png
triste10.png,205,134,321,321,237,241,239,274,246,306,253,337,265,366,286,392,312,413,341,429,373,434,407,427,437,413,465,393,488,367,501,337,510,305,516,271,519,236,257,217,274,197,300,188,327,188,354,194,388,193,415,187,444,187,471,197,491,214,369,226,369,248,369,270,369,292,338,315,353,317,369,320,386,318,402,316,282,237,298,226,319,225,337,239,319,243,298,244,409,238,426,224,447,225,465,235,448,242,427,241,313,360,331,346,352,338,368,342,383,338,405,346,426,362,404,379,382,388,366,390,349,388,330,379,321,359,351,353,368,355,383,354,418,361,382,368,366,370,349,368,2,triste10.png
feliz19.png,201,160,185,185,197,216,200,246,203,275,207,305,217,333,235,355,256,374,279,389,305,393,331,386,353,368,374,348,392,326,401,299,405,271,407,243,408,215,212,201,225,191,242,189,259,190,278,195,319,197,336,192,352,191,369,192,384,199,298,216,298,232,298,248,299,265,279,280,289,282,300,284,311,281,321,277,235,216,247,210,260,211,272,221,259,222,246,222,327,220,338,211,352,211,363,216,353,221,340,221,254,307,272,302,290,299,302,301,314,297,332,299,351,301,335,323,317,333,304,335,291,334,272,327,260,309,290,309,302,309,315,307,344,304,316,321,303,323,291,322,1,feliz19.png
feliz8.png,200,142,268,267,203,220,203,251,206,281,209,310,219,339,236,368,260,392,287,412,317,420,348,413,376,395,401,373,420,346,431,317,436,286,439,256,441,225,218,203,234,188,257,183,280,185,302,193,339,195,361,188,384,186,406,191,421,207,323,215,324,235,325,255,325,277,300,289,311,292,324,296,335,293,345,290,248,221,262,215,277,215,292,222,276,225,261,225,349,224,365,217,380,218,393,223,379,227,364,226,260,314,282,312,304,311,321,314,336,311,357,312,378,315,359,344,337,360,321,362,303,360,280,345,267,316,304,319,321,322,336,319,372,317,337,343,320,346,304,343,1,feliz8.png
feliz22.png,167,167,223,223,156,237,157,263,158,288,159,315,165,342,180,366,202,384,229,398,261,404,293,401,323,390,347,375,365,353,375,328,379,301,383,274,386,246,174,211,187,197,207,194,226,199,244,208,289,206,308,198,329,196,349,203,364,217,266,227,265,245,264,263,263,281,241,290,251,295,263,299,276,296,288,293,198,232,211,227,224,227,238,235,223,237,209,236,297,237,312,230,325,231,338,237,325,240,311,240,206,321,227,315,248,313,263,316,278,314,300,318,323,328,300,345,277,352,261,352,245,350,224,341,213,323,247,323,263,325,278,324,316,328,277,339,262,339,246,337,1,feliz22.png
feliz4.png,241,142,223,223,247,203,249,229,253,256,258,282,268,306,285,326,307,345,331,361,359,366,386,359,408,340,427,320,441,297,448,271,450,245,450,217,447,190,262,181,275,169,292,166,311,168,329,174,360,169,377,162,395,158,414,159,427,170,346,190,347,206,348,222,349,239,328,255,339,258,352,260,363,256,373,252,285,201,296,195,309,194,323,201,310,204,296,205,372,197,383,189,397,188,408,193,398,198,385,199,304,286,321,282,339,278,352,280,364,276,384,278,402,282,387,306,369,317,356,319,342,318,323,309,310,288,340,288,353,289,366,287,396,285,367,300,354,302,341,301,1,feliz4.png
feliz24.png,216,142,223,223,225,222,223,247,223,273,227,299,237,324,256,347,280,365,307,380,339,385,370,380,396,364,418,346,435,323,445,298,448,272,448,247,447,223,243,193,259,183,278,181,296,185,315,189,359,190,379,185,398,183,416,186,432,196,339,211,338,227,338,244,338,260,311,273,324,276,338,279,352,276,364,273,265,213,279,206,294,207,308,217,293,217,279,217,367,218,381,208,395,208,408,216,396,219,382,219,274,296,298,290,323,288,339,291,355,288,380,291,400,298,380,322,356,335,338,337,321,334,296,321,281,299,322,302,339,304,356,302,393,300,355,317,338,319,322,316,1,feliz24.png
neutro17.png,241,167,223,223,240,249,243,275,247,301,251,326,259,351,276,372,299,389,325,401,356,406,386,403,410,391,431,374,445,353,453,329,459,304,464,280,468,255,265,216,281,199,303,192,327,195,349,204,380,206,402,199,424,198,444,207,455,225,365,227,365,244,365,261,366,278,343,297,353,299,364,301,374,299,383,297,292,234,304,224,319,224,332,235,318,238,303,239,391,237,404,228,419,229,430,240,419,244,404,242,318,334,336,324,354,318,363,321,373,319,387,326,400,338,385,345,371,349,360,350,350,348,334,344,326,334,352,331,362,332,372,332,393,337,371,333,361,334,351,333,0,neutro17.png
triste6.png,170,99,321,321,190,240,194,279,200,317,205,354,213,388,232,415,259,431,292,438,330,439,369,436,406,429,435,411,453,386,462,353,465,317,470,281,474,243,217,190,232,164,257,151,287,146,314,152,349,153,377,148,406,153,431,167,443,192,330,181,330,200,330,219,330,240,301,273,315,274,329,276,344,275,356,274,243,206,256,193,274,191,290,201,274,206,257,208,368,201,383,190,401,193,416,204,401,207,384,205,282,356,295,323,311,308,327,312,342,309,358,326,372,358,356,344,342,336,326,336,311,336,297,342,291,349,311,331,327,331,342,332,363,351,341,319,326,320,311,319,2,triste6.png
triste28.png,191,142,223,223,180,198,182,226,186,255,190,283,200,311,217,336,237,358,263,376,293,381,323,376,347,359,367,337,382,311,390,284,394,256,397,227,398,198,198,190,212,173,234,165,258,167,281,173,307,173,328,167,351,165,372,171,383,189,293,194,292,216,291,238,290,260,268,270,278,274,290,277,302,274,314,270,224,200,236,193,251,193,265,202,250,205,235,205,319,201,333,192,348,191,360,198,348,204,333,204,251,307,264,298,278,294,290,296,301,293,315,297,330,306,316,307,303,309,291,311,279,310,265,309,257,305,277,307,290,309,302,307,324,304,302,297,291,298,279,297,2,triste28.png
feliz17.png,171,112,267,267,178,231,181,258,186,284,193,311,202,339,219,364,245,384,274,398,309,400,345,394,377,382,408,366,430,342,439,312,440,279,441,248,440,216,192,211,203,190,226,180,251,180,276,184,307,178,333,169,360,166,386,174,406,192,290,202,289,221,288,240,287,259,266,275,278,279,293,283,310,276,325,271,222,218,234,209,250,206,267,213,251,216,236,219,328,207,344,198,360,198,374,205,361,209,345,209,240,306,261,301,282,296,298,298,314,294,341,296,371,298,344,315,319,324,302,326,285,326,264,321,249,309,283,309,299,309,316,307,363,301,317,308,300,310,284,310,1,feliz17.png
neutro27.png,200,142,268,267,216,237,220,266,225,296,231,326,240,354,255,379,277,399,304,412,336,416,369,410,397,395,421,374,434,348,443,320,448,290,451,260,450,230,229,209,242,194,263,190,284,193,307,200,346,199,367,190,388,185,410,187,427,200,326,222,326,239,326,256,326,274,311,297,319,300,328,302,338,300,347,296,256,232,267,222,284,222,299,233,283,239,267,240,359,231,373,219,390,218,403,227,391,236,374,236,292,346,308,336,321,329,330,332,339,329,353,336,371,344,354,354,341,357,331,359,321,358,308,355,300,346,321,341,331,341,340,341,363,344,339,342,330,343,321,343,0,neutro27.png
feliz1.png,230,142,268,267,255,230,258,261,260,290,265,320,276,347,296,373,322,396,352,414,387,419,421,413,450,393,474,369,492,343,502,314,503,283,503,252,502,221,267,204,282,189,304,186,326,189,347,195,398,192,419,183,443,179,467,182,485,197,373,213,374,240,375,267,377,294,349,300,363,306,379,312,394,305,408,298,290,224,305,215,322,215,339,225,322,227,306,227,409,223,425,210,442,209,458,217,444,222,427,223,317,328,339,324,363,322,380,325,398,321,423,322,447,324,427,356,402,372,383,374,364,373,339,358,324,331,363,330,380,333,399,329,440,327,400,355,381,358,363,356,1,feliz1.png
feliz5.png,242,160,186,185,256,220,258,242,261,266,264,290,271,314,284,335,300,353,320,367,344,371,368,367,390,354,410,337,425,317,432,293,435,269,440,245,443,221,267,207,277,196,293,191,310,192,326,198,354,198,371,193,389,192,406,197,420,208,341,213,340,225,340,238,339,251,322,267,331,269,340,272,350,269,359,267,286,217,296,213,307,213,318,219,307,220,296,220,366,220,377,214,388,214,399,218,389,221,378,221,295,295,310,288,327,285,340,288,355,286,374,288,392,295,375,313,356,324,340,326,326,324,309,314,300,297,327,295,340,296,355,295,386,296,355,311,340,313,326,311,1,feliz5.png
feliz6.png,201,180,185,186,206,243,208,266,211,288,215,311,225,332,241,349,260,363,282,375,305,377,329,373,350,362,369,348,384,330,393,308,396,284,397,261,398,237,217,226,226,211,243,204,261,203,278,208,306,205,323,198,342,196,360,201,373,213,293,224,294,241,294,257,295,273,276,283,286,286,297,288,307,284,318,281,237,232,246,227,257,225,269,230,258,232,247,233,323,228,333,222,344,222,355,227,345,228,334,228,257,306,272,303,287,300,298,302,310,299,327,300,347,302,330,314,313,320,301,322,289,321,274,316,262,306,287,309,299,310,310,308,342,303,311,310,300,311,289,310,1,feliz6.png
feliz18.png,191,118,223,223,174,175,179,206,184,237,188,269,197,300,216,327,239,350,265,369,296,375,326,369,349,348,368,324,382,297,390,267,395,237,400,207,402,178,200,156,215,142,238,136,261,138,283,147,316,148,336,140,359,139,379,146,392,162,300,167,301,185,302,203,302,222,278,237,289,240,301,245,312,241,322,238,228,171,241,165,256,165,270,174,255,175,240,175,324,175,337,167,352,167,365,174,352,178,338,178,245,272,264,266,285,262,299,266,313,263,331,268,345,276,331,299,313,311,298,313,282,310,262,296,251,275,284,273,299,275,313,274,339,278,312,293,298,295,283,292,1,feliz18.png
feliz28.png,171,142,267,267,166,232,169,265,174,297,180,330,193,360,214,388,239,411,267,431,303,436,338,431,364,408,386,383,405,356,416,328,420,297,424,268,427,237,189,212,207,193,234,187,260,189,286,199,324,201,349,194,374,194,397,202,410,223,305,222,306,244,306,266,307,289,273,298,288,304,305,309,321,305,334,300,223,227,238,220,255,221,271,231,254,232,237,232,332,233,348,224,364,225,378,233,364,236,348,236,235,329,258,325,283,324,303,328,322,325,345,327,365,330,345,362,323,379,303,383,282,380,256,362,241,331,283,333,303,336,322,333,358,333,323,361,302,364,282,360,1,feliz28.png
